File,Class
S1V3C1M3A Clip166.npy,1
S1V1C1M1A Clip18.npy,1
S1V4C1M4A Clip241.npy,1
S1V4C1M4A Clip239.npy,1
S1V4C1M4A Clip245.npy,1
S1V4C2M4A Clip270.npy,1
S1V3C2M3A Clip196.npy,1
S1V2C1M2A Clip81.npy,1
S1V1C2M1A Clip28.npy,1
S1V4C2M4A Clip258.npy,1
S1V3C2M3A Clip182.npy,1
S1V4C1M4A Clip250.npy,1
S1V1C2M1A Clip26.npy,1
S1V1C3M1A Clip52.npy,1
S1V4C2M4A Clip273.npy,1
S1V4C1M4A Clip240.npy,1
S1V3C3M3A Clip217.npy,1
S1V3C3M3A Clip214.npy,1
S1V3C3M3A Clip220.npy,1
S1V4C3M4A Clip278.npy,1
S1V3C1M3A Clip158.npy,1
S1V4C3M4A Clip291.npy,1
S1V2C1M2A Clip77.npy,1
S1V4C3M4A Clip281.npy,1
S1V3C1M3A Clip173.npy,1
S1V1C1M1A Clip6.npy,1
S1V3C1M3A Clip168.npy,1
S1V3C1M3A Clip159.npy,1
S1V4C1M4A Clip237.npy,1
S1V2C2M2A Clip124.npy,1
S1V3C2M3A Clip198.npy,1
S1V4C2M4A Clip264.npy,1
S1V1C1M1A Clip21.npy,1
S1V2C2M2A Clip108.npy,1
S1V1C1M1A Clip8.npy,1
S1V3C2M3A Clip190.npy,1
S1V2C2M2A Clip115.npy,1
S1V2C1M2A Clip83.npy,1
S1V4C2M4A Clip274.npy,1
S1V1C3M1A Clip56.npy,1
S1V4C1M4A Clip244.npy,1
S1V2C2M2A Clip125.npy,1
S1V2C2M2A Clip122.npy,1
S1V3C2M3A Clip180.npy,1
S1V4C2M4A Clip265.npy,1
S1V3C2M3A Clip176.npy,1
S1V1C3M1A Clip69.npy,1
S1V4C1M4A Clip226.npy,1
S1V3C1M3A Clip163.npy,1
S1V4C2M4A Clip272.npy,1
S1V1C3M1A Clip66.npy,1
S1V4C2M4A Clip262.npy,1
S1V1C1M1A Clip13.npy,1
S1V1C3M1A Clip71.npy,1
S1V3C2M3A Clip186.npy,1
S1V4C1M4A Clip235.npy,1
S1V1C2M1A Clip31.npy,1
S1V2C1M2A Clip76.npy,1
S1V2C2M2A Clip106.npy,1
S1V3C2M3A Clip195.npy,1
S1V1C3M1A Clip58.npy,1
S1V1C2M1A Clip33.npy,1
S1V4C1M4A Clip242.npy,1
S1V1C1M1A Clip10.npy,1
S1V2C2M2A Clip105.npy,1
S1V2C2M2A Clip107.npy,1
S1V3C2M3A Clip185.npy,1
S1V2C3M2A Clip129.npy,1
S1V2C1M2A Clip93.npy,1
S1V4C2M4A Clip255.npy,1
S1V4C2M4A Clip254.npy,1
S1V1C2M1A Clip41.npy,1
S1V2C3M2A Clip133.npy,1
S1V4C1M4A Clip234.npy,1
S1V2C2M2A Clip101.npy,1
S1V4C1M4A Clip231.npy,1
S1V3C1M3A Clip153.npy,1
S1V2C1M2A Clip84.npy,1
S1V1C2M1A Clip43.npy,1
S1V1C2M1A Clip35.npy,1
S1V2C1M2A Clip79.npy,1
S1V3C3M3A Clip215.npy,1
S1V4C3M4A Clip296.npy,1
S1V1C2M1A Clip42.npy,1
S1V4C3M4A Clip282.npy,1
S1V4C3M4A Clip295.npy,1
S1V4C1M4A Clip247.npy,1
S1V3C2M3A Clip181.npy,1
S1V2C1M2A Clip88.npy,1
S1V3C3M3A Clip208.npy,1
S1V1C2M1A Clip36.npy,1
S1V4C3M4A Clip279.npy,1
S1V2C3M2A Clip136.npy,1
S1V4C1M4A Clip243.npy,1
S1V1C2M1A Clip47.npy,1
S1V3C1M3A Clip175.npy,1
S1V2C3M2A Clip148.npy,1
S1V1C1M1A Clip22.npy,1
S1V2C2M2A Clip116.npy,1
S1V4C3M4A Clip277.npy,1
S1V2C1M2A Clip96.npy,1
S1V4C1M4A Clip246.npy,1
S1V3C1M3A Clip174.npy,1
S1V4C2M4A Clip259.npy,1
S1V4C1M4A Clip238.npy,1
S1V1C1M1A Clip1.npy,1
S1V2C1M2A Clip80.npy,1
S1V1C1M1A Clip5.npy,1
S1V1C3M1A Clip51.npy,1
S1V2C3M2A Clip139.npy,1
S1V2C3M2A Clip138.npy,1
S1V3C3M3A Clip223.npy,1
S1V4C2M4A Clip251.npy,1
S1V4C1M4A Clip248.npy,1
S1V1C1M1A Clip9.npy,1
S1V3C3M3A Clip206.npy,1
S1V1C2M1A Clip30.npy,1
S1V1C3M1A Clip62.npy,1
S1V4C3M4A Clip297.npy,1
S1V2C2M2A Clip104.npy,1
S1V1C2M1A Clip40.npy,1
S1V3C2M3A Clip187.npy,1
S1V4C2M4A Clip261.npy,1
S1V4C3M4A Clip276.npy,1
S1V4C3M4A Clip292.npy,1
S1V1C3M1A Clip73.npy,1
S1V1C3M1A Clip72.npy,1
S1V2C3M2A Clip132.npy,1
S1V3C3M3A Clip204.npy,1
S1V4C2M4A Clip256.npy,1
S1V3C2M3A Clip183.npy,1
S1V2C1M2A Clip82.npy,1
S1V2C2M2A Clip111.npy,1
S1V4C2M4A Clip268.npy,1
S1V4C2M4A Clip257.npy,1
S1V1C3M1A Clip54.npy,1
S1V3C3M3A Clip218.npy,1
S1V3C1M3A Clip155.npy,1
S1V3C2M3A Clip200.npy,1
S1V3C2M3A Clip193.npy,1
S1V4C1M4A Clip230.npy,1
S1V1C2M1A Clip29.npy,1
S1V1C1M1A Clip7.npy,1
S1V2C2M2A Clip113.npy,1
S1V3C2M3A Clip179.npy,1
S1V2C2M2A Clip120.npy,1
S1V4C3M4A Clip285.npy,1
S1V3C1M3A Clip156.npy,1
S1V2C1M2A Clip99.npy,1
S1V1C2M1A Clip50.npy,1
S1V1C3M1A Clip67.npy,1
S1V4C3M4A Clip299.npy,1
S1V4C1M4A Clip233.npy,1
S1V3C3M3A Clip202.npy,1
S1V4C1M4A Clip229.npy,1
S1V2C3M2A Clip128.npy,1
S1V1C3M1A Clip57.npy,1
S1V2C3M2A Clip147.npy,1
S1V3C1M3A Clip154.npy,1
S1V1C3M1A Clip64.npy,1
S1V4C2M4A Clip275.npy,1
S1V1C2M1A Clip49.npy,1
S1V2C1M2A Clip94.npy,1
S1V2C2M2A Clip114.npy,1
S1V1C1M1A Clip3.npy,1
S1V3C1M3A Clip169.npy,1
S1V1C2M1A Clip34.npy,1
S1V1C2M1A Clip39.npy,1
S1V4C3M4A Clip286.npy,1
S1V2C1M2A Clip91.npy,1
S1V3C2M3A Clip189.npy,1
S1V3C2M3A Clip177.npy,1
S1V4C2M4A Clip252.npy,1
S1V3C1M3A Clip170.npy,1
S1V1C2M1A Clip32.npy,1
S1V1C2M1A Clip37.npy,1
S1V1C1M1A Clip15.npy,1
S1V3C3M3A Clip225.npy,1
S1V3C1M3A Clip161.npy,1
S1V2C1M2A Clip86.npy,1
S1V3C1M3A Clip160.npy,1
S1V4C1M4A Clip227.npy,1
S1V2C3M2A Clip126.npy,1
S1V2C3M2A Clip127.npy,1
S1V2C1M2A Clip100.npy,1
S1V2C2M2A Clip112.npy,1
S1V3C1M3A Clip164.npy,1
S1V1C1M1A Clip20.npy,1
S1V1C3M1A Clip60.npy,1
S1V3C3M3A Clip211.npy,1
S1V3C1M3A Clip172.npy,1
S1V3C3M3A Clip216.npy,1
S1V1C1M1A Clip25.npy,1
S1V1C1M1A Clip19.npy,1
S1V4C1M4A Clip232.npy,1
S1V2C2M2A Clip117.npy,1
S1V4C1M4A Clip228.npy,1
S1V3C3M3A Clip203.npy,1
S1V2C3M2A Clip144.npy,1
S1V2C3M2A Clip135.npy,1
S1V3C3M3A Clip212.npy,1
S1V2C2M2A Clip103.npy,1
S1V3C1M3A Clip171.npy,1
S1V4C3M4A Clip289.npy,1
S1V2C3M2A Clip145.npy,1
S1V1C1M1A Clip24.npy,1
S1V4C1M4A Clip236.npy,1
S1V3C3M3A Clip210.npy,1
S1V3C1M3A Clip151.npy,1
S1V2C2M2A Clip119.npy,1
S1V2C3M2A Clip140.npy,1
S1V1C2M1A Clip48.npy,1
S1V1C3M1A Clip55.npy,1
S1V3C3M3A Clip201.npy,1
S1V4C1M4A Clip249.npy,1
S1V2C3M2A Clip141.npy,1
S1V4C2M4A Clip266.npy,1
S1V2C3M2A Clip143.npy,1
S1V2C1M2A Clip97.npy,1
S1V4C3M4A Clip280.npy,1
S1V2C1M2A Clip87.npy,1
S1V1C3M1A Clip53.npy,1
S1V4C3M4A Clip287.npy,1
S1V1C1M1A Clip16.npy,1
S1V1C3M1A Clip61.npy,1
S1V4C2M4A Clip260.npy,1
S1V1C3M1A Clip63.npy,1
S1V2C2M2A Clip118.npy,1
S1V3C3M3A Clip221.npy,1
S1V1C2M1A Clip46.npy,1
S1V1C1M1A Clip4.npy,1
S1V4C3M4A Clip298.npy,1
S1V3C2M3A Clip178.npy,1
S1V1C1M1A Clip14.npy,1
S1V3C2M3A Clip199.npy,1
S1V3C2M3A Clip191.npy,1
S1V2C3M2A Clip131.npy,1
S1V2C3M2A Clip150.npy,1
S1V2C1M2A Clip95.npy,1
S1V4C3M4A Clip293.npy,1
S1V2C3M2A Clip142.npy,1
S1V2C1M2A Clip89.npy,1
S1V4C2M4A Clip253.npy,1
S1V2C2M2A Clip102.npy,1
S1V2C2M2A Clip121.npy,1
S1V1C2M1A Clip38.npy,1
S1V3C3M3A Clip213.npy,1
S1V1C1M1A Clip12.npy,1
S1V4C2M4A Clip269.npy,1
S1V1C3M1A Clip68.npy,1
S1V3C3M3A Clip219.npy,1
S1V1C2M1A Clip44.npy,1
S1V2C3M2A Clip137.npy,1
S1V3C3M3A Clip209.npy,1
S1V4C3M4A Clip300.npy,1
S1V2C1M2A Clip98.npy,1
S1V3C1M3A Clip165.npy,1
S1V1C3M1A Clip65.npy,1
S1V3C3M3A Clip205.npy,1
S1V3C2M3A Clip188.npy,1
S1V2C1M2A Clip90.npy,1
S1V1C3M1A Clip59.npy,1
S1V4C3M4A Clip288.npy,1
S1V1C3M1A Clip74.npy,1
S1V1C2M1A Clip45.npy,1
S1V4C3M4A Clip290.npy,1
S1V2C2M2A Clip123.npy,1
S1V2C3M2A Clip134.npy,1
S1V3C3M3A Clip224.npy,1
S1V1C2M1A Clip27.npy,1
S1V1C1M1A Clip23.npy,1
S1V4C3M4A Clip283.npy,1
S1V3C1M3A Clip167.npy,1
S1V2C3M2A Clip130.npy,1
S1V2C3M2A Clip146.npy,1
S1V3C2M3A Clip184.npy,1
S1V2C2M2A Clip110.npy,1
S1V3C2M3A Clip194.npy,1
S1V3C1M3A Clip157.npy,1
S1V2C1M2A Clip78.npy,1
S1V3C2M3A Clip192.npy,1
S1V4C3M4A Clip284.npy,1
S1V4C2M4A Clip271.npy,1
S1V4C2M4A Clip263.npy,1
S1V3C3M3A Clip207.npy,1
S1V4C3M4A Clip294.npy,1
S1V2C1M2A Clip92.npy,1
S1V1C1M1A Clip11.npy,1
S1V3C2M3A Clip197.npy,1
S1V1C1M1A Clip17.npy,1
S1V3C1M3A Clip162.npy,1
S1V2C2M2A Clip109.npy,1
S1V2C3M2A Clip149.npy,1
S1V1C3M1A Clip70.npy,1
S1V1C3M1A Clip75.npy,1
S1V3C3M3A Clip222.npy,1
S1V4C2M4A Clip267.npy,1
S1V3C1M3A Clip152.npy,1
S1V2C1M2A Clip85.npy,1
S1V1C1M1A Clip2.npy,1
S2V4C3M4B Clip600.npy,2
S2V1C2M1B Clip338.npy,2
S2V3C2M3B Clip494.npy,2
S2V3C2M3B Clip499.npy,2
S2V2C3M2B Clip432.npy,2
S2V4C1M4B Clip540.npy,2
S2V4C1M4B Clip547.npy,2
S2V3C1M3B Clip453.npy,2
S2V1C2M1B Clip344.npy,2
S2V1C3M1B Clip351.npy,2
S2V2C1M2B Clip398.npy,2
S2V1C3M1B Clip360.npy,2
S2V2C2M2B Clip416.npy,2
S2V1C2M1B Clip341.npy,2
S2V1C3M1B Clip368.npy,2
S2V3C3M3B Clip520.npy,2
S2V3C2M3B Clip489.npy,2
S2V1C3M1B Clip359.npy,2
S2V1C3M1B Clip367.npy,2
S2V2C3M2B Clip437.npy,2
S2V3C3M3B Clip502.npy,2
S2V4C1M4B Clip538.npy,2
S2V2C2M2B Clip406.npy,2
S2V3C3M3B Clip511.npy,2
S2V3C2M3B Clip482.npy,2
S2V3C3M3B Clip517.npy,2
S2V2C3M2B Clip442.npy,2
S2V4C2M4B Clip551.npy,2
S2V1C1M1B Clip314.npy,2
S2V2C1M2B Clip390.npy,2
S2V3C2M3B Clip490.npy,2
S2V1C1M1B Clip304.npy,2
S2V3C1M3B Clip459.npy,2
S2V2C1M2B Clip387.npy,2
S2V3C3M3B Clip509.npy,2
S2V1C2M1B Clip349.npy,2
S2V1C3M1B Clip353.npy,2
S2V4C2M4B Clip558.npy,2
S2V4C1M4B Clip549.npy,2
S2V4C1M4B Clip536.npy,2
S2V1C1M1B Clip311.npy,2
S2V4C1M4B Clip545.npy,2
S2V3C2M3B Clip492.npy,2
S2V4C2M4B Clip555.npy,2
S2V2C1M2B Clip384.npy,2
S2V4C3M4B Clip598.npy,2
S2V4C2M4B Clip567.npy,2
S2V3C2M3B Clip483.npy,2
S2V2C2M2B Clip419.npy,2
S2V3C1M3B Clip463.npy,2
S2V3C1M3B Clip468.npy,2
S2V2C2M2B Clip420.npy,2
S2V2C3M2B Clip447.npy,2
S2V2C2M2B Clip407.npy,2
S2V2C1M2B Clip391.npy,2
S2V1C2M1B Clip346.npy,2
S2V3C1M3B Clip457.npy,2
S2V1C2M1B Clip336.npy,2
S2V1C3M1B Clip363.npy,2
S2V4C2M4B Clip574.npy,2
S2V2C3M2B Clip433.npy,2
S2V3C3M3B Clip525.npy,2
S2V4C3M4B Clip588.npy,2
S2V1C1M1B Clip309.npy,2
S2V4C1M4B Clip535.npy,2
S2V1C3M1B Clip352.npy,2
S2V2C2M2B Clip410.npy,2
S2V4C3M4B Clip580.npy,2
S2V3C3M3B Clip506.npy,2
S2V3C1M3B Clip466.npy,2
S2V4C2M4B Clip554.npy,2
S2V1C3M1B Clip356.npy,2
S2V2C1M2B Clip395.npy,2
S2V1C3M1B Clip373.npy,2
S2V1C3M1B Clip370.npy,2
S2V3C2M3B Clip486.npy,2
S2V2C3M2B Clip446.npy,2
S2V3C1M3B Clip464.npy,2
S2V3C3M3B Clip518.npy,2
S2V1C1M1B Clip310.npy,2
S2V3C3M3B Clip523.npy,2
S2V4C3M4B Clip595.npy,2
S2V1C3M1B Clip358.npy,2
S2V4C1M4B Clip528.npy,2
S2V4C2M4B Clip562.npy,2
S2V1C1M1B Clip305.npy,2
S2V4C1M4B Clip533.npy,2
S2V2C3M2B Clip443.npy,2
S2V1C3M1B Clip354.npy,2
S2V1C1M1B Clip307.npy,2
S2V2C3M2B Clip430.npy,2
S2V4C3M4B Clip583.npy,2
S2V1C2M1B Clip343.npy,2
S2V2C2M2B Clip424.npy,2
S2V3C3M3B Clip507.npy,2
S2V3C1M3B Clip472.npy,2
S2V2C2M2B Clip422.npy,2
S2V2C3M2B Clip448.npy,2
S2V4C1M4B Clip526.npy,2
S2V2C3M2B Clip429.npy,2
S2V2C3M2B Clip438.npy,2
S2V3C1M3B Clip455.npy,2
S2V2C1M2B Clip381.npy,2
S2V2C2M2B Clip409.npy,2
S2V4C2M4B Clip553.npy,2
S2V3C1M3B Clip452.npy,2
S2V4C1M4B Clip534.npy,2
S2V1C2M1B Clip327.npy,2
S2V3C3M3B Clip501.npy,2
S2V4C1M4B Clip527.npy,2
S2V2C2M2B Clip414.npy,2
S2V3C3M3B Clip515.npy,2
S2V2C3M2B Clip434.npy,2
S2V3C1M3B Clip467.npy,2
S2V1C1M1B Clip321.npy,2
S2V1C1M1B Clip323.npy,2
S2V4C1M4B Clip548.npy,2
S2V1C3M1B Clip361.npy,2
S2V2C2M2B Clip404.npy,2
S2V4C2M4B Clip568.npy,2
S2V4C3M4B Clip590.npy,2
S2V2C1M2B Clip400.npy,2
S2V2C2M2B Clip425.npy,2
S2V3C2M3B Clip485.npy,2
S2V2C2M2B Clip415.npy,2
S2V3C3M3B Clip510.npy,2
S2V2C2M2B Clip403.npy,2
S2V3C2M3B Clip488.npy,2
S2V3C3M3B Clip522.npy,2
S2V1C2M1B Clip329.npy,2
S2V3C2M3B Clip491.npy,2
S2V2C1M2B Clip394.npy,2
S2V2C2M2B Clip413.npy,2
S2V4C1M4B Clip543.npy,2
S2V3C2M3B Clip500.npy,2
S2V2C1M2B Clip396.npy,2
S2V4C2M4B Clip556.npy,2
S2V4C2M4B Clip552.npy,2
S2V4C3M4B Clip587.npy,2
S2V1C2M1B Clip335.npy,2
S2V4C3M4B Clip581.npy,2
S2V1C1M1B Clip317.npy,2
S2V2C1M2B Clip382.npy,2
S2V3C3M3B Clip504.npy,2
S2V4C2M4B Clip569.npy,2
S2V4C1M4B Clip537.npy,2
S2V3C1M3B Clip475.npy,2
S2V3C1M3B Clip461.npy,2
S2V4C3M4B Clip582.npy,2
S2V4C2M4B Clip571.npy,2
S2V4C1M4B Clip532.npy,2
S2V4C1M4B Clip531.npy,2
S2V2C1M2B Clip385.npy,2
S2V1C1M1B Clip320.npy,2
S2V3C1M3B Clip454.npy,2
S2V3C2M3B Clip497.npy,2
S2V2C2M2B Clip423.npy,2
S2V1C3M1B Clip366.npy,2
S2V1C2M1B Clip334.npy,2
S2V3C2M3B Clip484.npy,2
S2V3C1M3B Clip465.npy,2
S2V2C2M2B Clip408.npy,2
S2V1C3M1B Clip362.npy,2
S2V1C2M1B Clip342.npy,2
S2V3C3M3B Clip508.npy,2
S2V3C3M3B Clip513.npy,2
S2V2C2M2B Clip417.npy,2
S2V1C2M1B Clip333.npy,2
S2V3C3M3B Clip524.npy,2
S2V4C2M4B Clip564.npy,2
S2V1C1M1B Clip308.npy,2
S2V4C2M4B Clip566.npy,2
S2V4C3M4B Clip591.npy,2
S2V2C1M2B Clip397.npy,2
S2V3C1M3B Clip460.npy,2
S2V1C2M1B Clip332.npy,2
S2V4C3M4B Clip578.npy,2
S2V3C2M3B Clip493.npy,2
S2V1C1M1B Clip324.npy,2
S2V2C2M2B Clip418.npy,2
S2V3C3M3B Clip512.npy,2
S2V2C2M2B Clip401.npy,2
S2V1C2M1B Clip330.npy,2
S2V3C2M3B Clip481.npy,2
S2V4C1M4B Clip550.npy,2
S2V2C3M2B Clip441.npy,2
S2V2C3M2B Clip427.npy,2
S2V1C1M1B Clip319.npy,2
S2V4C2M4B Clip572.npy,2
S2V1C2M1B Clip328.npy,2
S2V3C1M3B Clip451.npy,2
S2V4C1M4B Clip529.npy,2
S2V1C3M1B Clip371.npy,2
S2V4C2M4B Clip565.npy,2
S2V2C3M2B Clip435.npy,2
S2V3C2M3B Clip496.npy,2
S2V3C1M3B Clip473.npy,2
S2V1C3M1B Clip355.npy,2
S2V3C2M3B Clip498.npy,2
S2V4C3M4B Clip584.npy,2
S2V1C1M1B Clip302.npy,2
S2V3C2M3B Clip495.npy,2
S2V1C1M1B Clip313.npy,2
S2V1C2M1B Clip345.npy,2
S2V3C3M3B Clip521.npy,2
S2V3C2M3B Clip478.npy,2
S2V1C1M1B Clip306.npy,2
S2V1C3M1B Clip357.npy,2
S2V4C3M4B Clip589.npy,2
S2V2C1M2B Clip378.npy,2
S2V1C1M1B Clip322.npy,2
S2V2C3M2B Clip426.npy,2
S2V4C3M4B Clip579.npy,2
S2V3C1M3B Clip458.npy,2
S2V3C1M3B Clip470.npy,2
S2V1C3M1B Clip364.npy,2
S2V2C1M2B Clip380.npy,2
S2V3C2M3B Clip477.npy,2
S2V2C1M2B Clip376.npy,2
S2V1C3M1B Clip375.npy,2
S2V3C2M3B Clip487.npy,2
S2V4C2M4B Clip563.npy,2
S2V2C3M2B Clip449.npy,2
S2V1C1M1B Clip303.npy,2
S2V2C1M2B Clip388.npy,2
S2V3C1M3B Clip471.npy,2
S2V4C1M4B Clip542.npy,2
S2V3C1M3B Clip456.npy,2
S2V1C2M1B Clip339.npy,2
S2V4C3M4B Clip596.npy,2
S2V2C3M2B Clip450.npy,2
S2V2C3M2B Clip428.npy,2
S2V1C2M1B Clip340.npy,2
S2V1C1M1B Clip312.npy,2
S2V2C1M2B Clip379.npy,2
S2V2C1M2B Clip377.npy,2
S2V1C2M1B Clip350.npy,2
S2V1C2M1B Clip337.npy,2
S2V1C2M1B Clip331.npy,2
S2V3C3M3B Clip514.npy,2
S2V2C2M2B Clip411.npy,2
S2V3C1M3B Clip462.npy,2
S2V4C3M4B Clip586.npy,2
S2V4C1M4B Clip544.npy,2
S2V1C2M1B Clip347.npy,2
S2V2C1M2B Clip389.npy,2
S2V4C2M4B Clip559.npy,2
S2V2C2M2B Clip421.npy,2
S2V4C3M4B Clip599.npy,2
S2V2C1M2B Clip392.npy,2
S2V2C2M2B Clip412.npy,2
S2V3C3M3B Clip505.npy,2
S2V2C3M2B Clip431.npy,2
S2V3C3M3B Clip519.npy,2
S2V2C1M2B Clip383.npy,2
S2V3C1M3B Clip469.npy,2
S2V4C2M4B Clip575.npy,2
S2V4C1M4B Clip539.npy,2
S2V2C3M2B Clip444.npy,2
S2V2C3M2B Clip445.npy,2
S2V1C1M1B Clip318.npy,2
S2V4C3M4B Clip597.npy,2
S2V4C3M4B Clip594.npy,2
S2V4C3M4B Clip576.npy,2
S2V1C1M1B Clip301.npy,2
S2V4C1M4B Clip546.npy,2
S2V3C3M3B Clip516.npy,2
S2V2C3M2B Clip439.npy,2
S2V2C2M2B Clip405.npy,2
S2V1C2M1B Clip326.npy,2
S2V2C2M2B Clip402.npy,2
S2V4C2M4B Clip570.npy,2
S2V4C3M4B Clip592.npy,2
S2V1C1M1B Clip316.npy,2
S2V1C2M1B Clip348.npy,2
S2V3C2M3B Clip476.npy,2
S2V4C2M4B Clip560.npy,2
S2V4C3M4B Clip585.npy,2
S2V3C2M3B Clip479.npy,2
S2V1C3M1B Clip372.npy,2
S2V4C1M4B Clip541.npy,2
S2V1C1M1B Clip325.npy,2
S2V3C2M3B Clip480.npy,2
S2V4C3M4B Clip577.npy,2
S2V1C1M1B Clip315.npy,2
S2V4C2M4B Clip557.npy,2
S2V1C3M1B Clip365.npy,2
S2V2C1M2B Clip393.npy,2
S2V1C3M1B Clip374.npy,2
S2V4C2M4B Clip561.npy,2
S2V3C1M3B Clip474.npy,2
S2V4C2M4B Clip573.npy,2
S2V4C3M4B Clip593.npy,2
S2V2C3M2B Clip436.npy,2
S2V1C3M1B Clip369.npy,2
S2V2C1M2B Clip399.npy,2
S2V3C3M3B Clip503.npy,2
S2V2C1M2B Clip386.npy,2
S2V2C3M2B Clip440.npy,2
S2V4C1M4B Clip530.npy,2
S3V4C1M4C Clip840.npy,3
S3V3C2M3C Clip787.npy,3
S3V3C2M3C Clip798.npy,3
S3V1C3M1C Clip666.npy,3
S3V4C2M4C Clip867.npy,3
S3V3C1M3C Clip760.npy,3
S3V2C3M2C Clip737.npy,3
S3V4C2M4C Clip856.npy,3
S3V4C2M4C Clip861.npy,3
S3V4C1M4C Clip845.npy,3
S3V4C2M4C Clip870.npy,3
S3V1C3M1C Clip663.npy,3
S3V1C3M1C Clip652.npy,3
S3V1C1M1C Clip624.npy,3
S3V3C2M3C Clip800.npy,3
S3V1C3M1C Clip660.npy,3
S3V4C1M4C Clip850.npy,3
S3V1C3M1C Clip662.npy,3
S3V2C1M2C Clip690.npy,3
S3V4C2M4C Clip857.npy,3
S3V1C3M1C Clip671.npy,3
S3V1C2M1C Clip632.npy,3
S3V3C2M3C Clip793.npy,3
S3V1C2M1C Clip631.npy,3
S3V2C1M2C Clip692.npy,3
S3V2C1M2C Clip694.npy,3
S3V1C1M1C Clip617.npy,3
S3V4C1M4C Clip838.npy,3
S3V4C3M4C Clip884.npy,3
S3V1C1M1C Clip603.npy,3
S3V3C2M3C Clip782.npy,3
S3V4C1M4C Clip839.npy,3
S3V2C2M2C Clip723.npy,3
S3V1C2M1C Clip641.npy,3
S3V3C1M3C Clip752.npy,3
S3V2C2M2C Clip708.npy,3
S3V2C2M2C Clip722.npy,3
S3V2C1M2C Clip697.npy,3
S3V2C1M2C Clip684.npy,3
S3V1C2M1C Clip650.npy,3
S3V4C1M4C Clip830.npy,3
S3V2C3M2C Clip745.npy,3
S3V2C3M2C Clip742.npy,3
S3V4C1M4C Clip843.npy,3
S3V2C1M2C Clip688.npy,3
S3V3C3M3C Clip815.npy,3
S3V2C2M2C Clip710.npy,3
S3V3C2M3C Clip794.npy,3
S3V3C2M3C Clip777.npy,3
S3V2C2M2C Clip718.npy,3
S3V1C3M1C Clip669.npy,3
S3V4C2M4C Clip854.npy,3
S3V1C3M1C Clip651.npy,3
S3V4C2M4C Clip851.npy,3
S3V4C1M4C Clip829.npy,3
S3V1C1M1C Clip601.npy,3
S3V1C2M1C Clip647.npy,3
S3V4C1M4C Clip831.npy,3
S3V4C1M4C Clip832.npy,3
S3V2C3M2C Clip728.npy,3
S3V3C3M3C Clip813.npy,3
S3V1C2M1C Clip649.npy,3
S3V4C2M4C Clip865.npy,3
S3V3C3M3C Clip818.npy,3
S3V2C2M2C Clip715.npy,3
S3V3C2M3C Clip797.npy,3
S3V4C2M4C Clip875.npy,3
S3V1C1M1C Clip610.npy,3
S3V1C3M1C Clip658.npy,3
S3V2C1M2C Clip677.npy,3
S3V3C3M3C Clip807.npy,3
S3V1C2M1C Clip645.npy,3
S3V3C2M3C Clip792.npy,3
S3V1C3M1C Clip661.npy,3
S3V3C2M3C Clip785.npy,3
S3V2C1M2C Clip685.npy,3
S3V1C3M1C Clip675.npy,3
S3V2C1M2C Clip676.npy,3
S3V2C1M2C Clip682.npy,3
S3V2C2M2C Clip711.npy,3
S3V2C3M2C Clip744.npy,3
S3V1C1M1C Clip606.npy,3
S3V3C2M3C Clip784.npy,3
S3V4C3M4C Clip876.npy,3
S3V1C2M1C Clip633.npy,3
S3V1C1M1C Clip620.npy,3
S3V3C1M3C Clip771.npy,3
S3V3C1M3C Clip772.npy,3
S3V1C3M1C Clip655.npy,3
S3V2C2M2C Clip724.npy,3
S3V3C3M3C Clip816.npy,3
S3V3C1M3C Clip767.npy,3
S3V1C1M1C Clip613.npy,3
S3V1C2M1C Clip629.npy,3
S3V4C2M4C Clip866.npy,3
S3V2C3M2C Clip727.npy,3
S3V3C1M3C Clip774.npy,3
S3V3C3M3C Clip810.npy,3
S3V4C1M4C Clip828.npy,3
S3V2C3M2C Clip730.npy,3
S3V2C3M2C Clip739.npy,3
S3V4C3M4C Clip898.npy,3
S3V1C3M1C Clip668.npy,3
S3V1C1M1C Clip615.npy,3
S3V4C1M4C Clip827.npy,3
S3V3C2M3C Clip799.npy,3
S3V4C3M4C Clip881.npy,3
S3V1C2M1C Clip642.npy,3
S3V2C2M2C Clip720.npy,3
S3V2C1M2C Clip689.npy,3
S3V3C1M3C Clip757.npy,3
S3V3C2M3C Clip778.npy,3
S3V2C3M2C Clip746.npy,3
S3V3C1M3C Clip759.npy,3
S3V3C3M3C Clip809.npy,3
S3V4C1M4C Clip841.npy,3
S3V4C1M4C Clip837.npy,3
S3V3C3M3C Clip814.npy,3
S3V4C1M4C Clip842.npy,3
S3V3C3M3C Clip801.npy,3
S3V3C3M3C Clip805.npy,3
S3V1C3M1C Clip667.npy,3
S3V4C1M4C Clip826.npy,3
S3V2C3M2C Clip749.npy,3
S3V2C2M2C Clip704.npy,3
S3V1C2M1C Clip636.npy,3
S3V1C2M1C Clip627.npy,3
S3V3C1M3C Clip768.npy,3
S3V1C3M1C Clip670.npy,3
S3V4C3M4C Clip896.npy,3
S3V2C3M2C Clip734.npy,3
S3V3C3M3C Clip811.npy,3
S3V2C2M2C Clip707.npy,3
S3V3C1M3C Clip775.npy,3
S3V4C1M4C Clip849.npy,3
S3V4C3M4C Clip885.npy,3
S3V1C2M1C Clip635.npy,3
S3V3C1M3C Clip755.npy,3
S3V1C1M1C Clip621.npy,3
S3V4C1M4C Clip834.npy,3
S3V3C3M3C Clip820.npy,3
S3V3C1M3C Clip751.npy,3
S3V3C3M3C Clip803.npy,3
S3V1C1M1C Clip612.npy,3
S3V2C3M2C Clip743.npy,3
S3V3C1M3C Clip764.npy,3
S3V2C3M2C Clip738.npy,3
S3V4C1M4C Clip848.npy,3
S3V4C2M4C Clip869.npy,3
S3V3C1M3C Clip769.npy,3
S3V2C1M2C Clip686.npy,3
S3V4C1M4C Clip835.npy,3
S3V3C3M3C Clip824.npy,3
S3V1C1M1C Clip614.npy,3
S3V1C1M1C Clip619.npy,3
S3V4C1M4C Clip846.npy,3
S3V4C3M4C Clip897.npy,3
S3V4C3M4C Clip893.npy,3
S3V3C3M3C Clip808.npy,3
S3V3C1M3C Clip754.npy,3
S3V1C2M1C Clip639.npy,3
S3V4C3M4C Clip887.npy,3
S3V1C2M1C Clip630.npy,3
S3V2C3M2C Clip731.npy,3
S3V2C1M2C Clip691.npy,3
S3V4C3M4C Clip900.npy,3
S3V4C3M4C Clip892.npy,3
S3V2C3M2C Clip733.npy,3
S3V2C2M2C Clip714.npy,3
S3V2C1M2C Clip700.npy,3
S3V4C3M4C Clip889.npy,3
S3V2C3M2C Clip732.npy,3
S3V2C1M2C Clip680.npy,3
S3V3C2M3C Clip789.npy,3
S3V2C1M2C Clip678.npy,3
S3V4C2M4C Clip862.npy,3
S3V3C1M3C Clip770.npy,3
S3V4C2M4C Clip859.npy,3
S3V2C1M2C Clip687.npy,3
S3V3C2M3C Clip791.npy,3
S3V2C1M2C Clip693.npy,3
S3V1C1M1C Clip609.npy,3
S3V2C2M2C Clip713.npy,3
S3V2C3M2C Clip750.npy,3
S3V4C2M4C Clip858.npy,3
S3V3C2M3C Clip780.npy,3
S3V3C1M3C Clip758.npy,3
S3V4C3M4C Clip899.npy,3
S3V2C2M2C Clip725.npy,3
S3V3C1M3C Clip766.npy,3
S3V1C2M1C Clip646.npy,3
S3V4C1M4C Clip847.npy,3
S3V2C1M2C Clip699.npy,3
S3V2C3M2C Clip726.npy,3
S3V1C3M1C Clip654.npy,3
S3V3C2M3C Clip796.npy,3
S3V1C2M1C Clip638.npy,3
S3V1C1M1C Clip618.npy,3
S3V3C3M3C Clip822.npy,3
S3V3C2M3C Clip776.npy,3
S3V1C2M1C Clip628.npy,3
S3V2C3M2C Clip729.npy,3
S3V3C2M3C Clip779.npy,3
S3V4C3M4C Clip886.npy,3
S3V4C2M4C Clip855.npy,3
S3V2C2M2C Clip706.npy,3
S3V4C2M4C Clip872.npy,3
S3V1C3M1C Clip665.npy,3
S3V1C2M1C Clip648.npy,3
S3V1C2M1C Clip643.npy,3
S3V4C1M4C Clip844.npy,3
S3V3C1M3C Clip765.npy,3
S3V3C3M3C Clip802.npy,3
S3V4C3M4C Clip880.npy,3
S3V4C3M4C Clip883.npy,3
S3V2C1M2C Clip679.npy,3
S3V3C1M3C Clip773.npy,3
S3V4C3M4C Clip877.npy,3
S3V3C1M3C Clip762.npy,3
S3V1C1M1C Clip622.npy,3
S3V3C2M3C Clip786.npy,3
S3V2C2M2C Clip719.npy,3
S3V2C3M2C Clip735.npy,3
S3V2C3M2C Clip748.npy,3
S3V3C2M3C Clip790.npy,3
S3V2C2M2C Clip716.npy,3
S3V2C2M2C Clip709.npy,3
S3V1C3M1C Clip674.npy,3
S3V3C2M3C Clip783.npy,3
S3V3C1M3C Clip761.npy,3
S3V2C2M2C Clip712.npy,3
S3V4C2M4C Clip860.npy,3
S3V2C1M2C Clip695.npy,3
S3V4C3M4C Clip891.npy,3
S3V3C3M3C Clip817.npy,3
S3V1C3M1C Clip656.npy,3
S3V1C3M1C Clip664.npy,3
S3V1C1M1C Clip616.npy,3
S3V3C3M3C Clip819.npy,3
S3V1C2M1C Clip637.npy,3
S3V1C1M1C Clip607.npy,3
S3V2C2M2C Clip721.npy,3
S3V2C2M2C Clip701.npy,3
S3V4C3M4C Clip879.npy,3
S3V4C1M4C Clip836.npy,3
S3V4C2M4C Clip871.npy,3
S3V2C1M2C Clip696.npy,3
S3V3C3M3C Clip804.npy,3
S3V2C1M2C Clip681.npy,3
S3V2C3M2C Clip747.npy,3
S3V4C3M4C Clip888.npy,3
S3V2C3M2C Clip736.npy,3
S3V3C3M3C Clip812.npy,3
S3V1C3M1C Clip672.npy,3
S3V3C3M3C Clip823.npy,3
S3V2C2M2C Clip717.npy,3
S3V1C2M1C Clip634.npy,3
S3V4C2M4C Clip852.npy,3
S3V2C2M2C Clip703.npy,3
S3V2C3M2C Clip740.npy,3
S3V3C2M3C Clip795.npy,3
S3V3C3M3C Clip806.npy,3
S3V4C3M4C Clip895.npy,3
S3V1C1M1C Clip608.npy,3
S3V4C2M4C Clip874.npy,3
S3V3C1M3C Clip763.npy,3
S3V1C2M1C Clip640.npy,3
S3V2C3M2C Clip741.npy,3
S3V2C1M2C Clip698.npy,3
S3V3C1M3C Clip753.npy,3
S3V3C2M3C Clip781.npy,3
S3V4C3M4C Clip882.npy,3
S3V4C2M4C Clip864.npy,3
S3V1C1M1C Clip625.npy,3
S3V1C1M1C Clip611.npy,3
S3V4C3M4C Clip890.npy,3
S3V3C2M3C Clip788.npy,3
S3V2C1M2C Clip683.npy,3
S3V4C1M4C Clip833.npy,3
S3V1C1M1C Clip605.npy,3
S3V1C3M1C Clip659.npy,3
S3V1C3M1C Clip653.npy,3
S3V2C2M2C Clip705.npy,3
S3V4C2M4C Clip853.npy,3
S3V4C3M4C Clip878.npy,3
S3V1C3M1C Clip673.npy,3
S3V4C2M4C Clip868.npy,3
S3V3C3M3C Clip821.npy,3
S3V4C2M4C Clip863.npy,3
S3V2C2M2C Clip702.npy,3
S3V3C1M3C Clip756.npy,3
S3V1C2M1C Clip626.npy,3
S3V1C3M1C Clip657.npy,3
S3V1C1M1C Clip604.npy,3
S3V3C3M3C Clip825.npy,3
S3V1C1M1C Clip602.npy,3
S3V4C3M4C Clip894.npy,3
S3V1C2M1C Clip644.npy,3
S3V4C2M4C Clip873.npy,3
S3V1C1M1C Clip623.npy,3
S4V1C3M1D Clip970.npy,4
S4V1C3M1D Clip966.npy,4
S4V1C2M1D Clip938.npy,4
S4V2C2M2D Clip1008.npy,4
S4V2C1M2D Clip984.npy,4
S4V2C2M2D Clip1025.npy,4
S4V4C2M4D Clip1153.npy,4
S4V4C2M4D Clip1163.npy,4
S4V1C1M1D Clip917.npy,4
S4V4C1M4D Clip1149.npy,4
S4V1C2M1D Clip931.npy,4
S4V2C1M2D Clip976.npy,4
S4V4C3M4D Clip1198.npy,4
S4V3C3M3D Clip1119.npy,4
S4V4C1M4D Clip1139.npy,4
S4V3C1M3D Clip1075.npy,4
S4V4C3M4D Clip1176.npy,4
S4V2C2M2D Clip1011.npy,4
S4V3C3M3D Clip1107.npy,4
S4V1C1M1D Clip920.npy,4
S4V3C3M3D Clip1103.npy,4
S4V1C3M1D Clip975.npy,4
S4V3C2M3D Clip1100.npy,4
S4V4C3M4D Clip1195.npy,4
S4V2C2M2D Clip1001.npy,4
S4V4C3M4D Clip1178.npy,4
S4V2C2M2D Clip1016.npy,4
S4V3C1M3D Clip1051.npy,4
S4V3C2M3D Clip1077.npy,4
S4V1C2M1D Clip950.npy,4
S4V2C3M2D Clip1050.npy,4
S4V4C3M4D Clip1184.npy,4
S4V4C3M4D Clip1180.npy,4
S4V1C3M1D Clip952.npy,4
S4V2C3M2D Clip1032.npy,4
S4V4C3M4D Clip1188.npy,4
S4V3C2M3D Clip1098.npy,4
S4V1C2M1D Clip944.npy,4
S4V3C1M3D Clip1068.npy,4
S4V4C2M4D Clip1155.npy,4
S4V3C2M3D Clip1080.npy,4
S4V3C3M3D Clip1102.npy,4
S4V2C1M2D Clip978.npy,4
S4V3C1M3D Clip1057.npy,4
S4V1C1M1D Clip918.npy,4
S4V2C1M2D Clip986.npy,4
S4V1C3M1D Clip971.npy,4
S4V3C2M3D Clip1079.npy,4
S4V1C1M1D Clip924.npy,4
S4V4C1M4D Clip1126.npy,4
S4V3C3M3D Clip1117.npy,4
S4V2C3M2D Clip1033.npy,4
S4V1C2M1D Clip936.npy,4
S4V3C1M3D Clip1058.npy,4
S4V2C1M2D Clip999.npy,4
S4V4C3M4D Clip1179.npy,4
S4V3C1M3D Clip1066.npy,4
S4V3C1M3D Clip1054.npy,4
S4V1C1M1D Clip916.npy,4
S4V1C3M1D Clip962.npy,4
S4V1C2M1D Clip948.npy,4
S4V1C3M1D Clip972.npy,4
S4V1C2M1D Clip947.npy,4
S4V3C3M3D Clip1108.npy,4
S4V1C1M1D Clip922.npy,4
S4V3C1M3D Clip1070.npy,4
S4V1C1M1D Clip919.npy,4
S4V3C2M3D Clip1095.npy,4
S4V1C2M1D Clip941.npy,4
S4V2C3M2D Clip1048.npy,4
S4V1C1M1D Clip908.npy,4
S4V2C1M2D Clip994.npy,4
S4V1C1M1D Clip910.npy,4
S4V3C3M3D Clip1114.npy,4
S4V2C3M2D Clip1029.npy,4
S4V4C3M4D Clip1192.npy,4
S4V1C2M1D Clip928.npy,4
S4V2C2M2D Clip1017.npy,4
S4V1C3M1D Clip951.npy,4
S4V2C3M2D Clip1043.npy,4
S4V3C2M3D Clip1086.npy,4
S4V2C1M2D Clip982.npy,4
S4V4C3M4D Clip1187.npy,4
S4V3C1M3D Clip1053.npy,4
S4V3C1M3D Clip1064.npy,4
S4V1C2M1D Clip939.npy,4
S4V1C2M1D Clip935.npy,4
S4V1C3M1D Clip955.npy,4
S4V4C3M4D Clip1183.npy,4
S4V4C2M4D Clip1169.npy,4
S4V3C3M3D Clip1106.npy,4
S4V4C1M4D Clip1144.npy,4
S4V4C2M4D Clip1154.npy,4
S4V1C1M1D Clip925.npy,4
S4V4C2M4D Clip1158.npy,4
S4V2C2M2D Clip1015.npy,4
S4V4C1M4D Clip1137.npy,4
S4V4C1M4D Clip1142.npy,4
S4V4C1M4D Clip1148.npy,4
S4V3C3M3D Clip1116.npy,4
S4V2C1M2D Clip985.npy,4
S4V4C3M4D Clip1182.npy,4
S4V3C2M3D Clip1089.npy,4
S4V1C3M1D Clip958.npy,4
S4V2C2M2D Clip1003.npy,4
S4V4C3M4D Clip1186.npy,4
S4V1C1M1D Clip905.npy,4
S4V1C3M1D Clip954.npy,4
S4V4C2M4D Clip1156.npy,4
S4V2C3M2D Clip1037.npy,4
S4V4C2M4D Clip1151.npy,4
S4V1C3M1D Clip961.npy,4
S4V4C2M4D Clip1174.npy,4
S4V3C3M3D Clip1109.npy,4
S4V1C1M1D Clip915.npy,4
S4V2C1M2D Clip979.npy,4
S4V1C2M1D Clip929.npy,4
S4V3C1M3D Clip1073.npy,4
S4V3C3M3D Clip1122.npy,4
S4V1C1M1D Clip914.npy,4
S4V4C1M4D Clip1134.npy,4
S4V1C3M1D Clip974.npy,4
S4V2C1M2D Clip980.npy,4
S4V2C2M2D Clip1014.npy,4
S4V2C2M2D Clip1012.npy,4
S4V3C3M3D Clip1123.npy,4
S4V4C1M4D Clip1133.npy,4
S4V4C1M4D Clip1141.npy,4
S4V1C1M1D Clip902.npy,4
S4V2C3M2D Clip1036.npy,4
S4V3C2M3D Clip1092.npy,4
S4V4C3M4D Clip1191.npy,4
S4V1C3M1D Clip965.npy,4
S4V1C1M1D Clip909.npy,4
S4V2C1M2D Clip1000.npy,4
S4V4C2M4D Clip1160.npy,4
S4V2C1M2D Clip992.npy,4
S4V1C2M1D Clip934.npy,4
S4V2C2M2D Clip1013.npy,4
S4V1C1M1D Clip921.npy,4
S4V3C1M3D Clip1061.npy,4
S4V2C3M2D Clip1028.npy,4
S4V1C2M1D Clip940.npy,4
S4V3C2M3D Clip1094.npy,4
S4V3C2M3D Clip1076.npy,4
S4V2C3M2D Clip1042.npy,4
S4V1C3M1D Clip959.npy,4
S4V4C3M4D Clip1185.npy,4
S4V2C1M2D Clip993.npy,4
S4V1C3M1D Clip968.npy,4
S4V3C3M3D Clip1104.npy,4
S4V1C2M1D Clip926.npy,4
S4V2C3M2D Clip1026.npy,4
S4V3C3M3D Clip1113.npy,4
S4V3C3M3D Clip1118.npy,4
S4V4C2M4D Clip1170.npy,4
S4V4C1M4D Clip1140.npy,4
S4V1C1M1D Clip906.npy,4
S4V4C1M4D Clip1131.npy,4
S4V4C1M4D Clip1150.npy,4
S4V1C2M1D Clip930.npy,4
S4V3C2M3D Clip1085.npy,4
S4V4C2M4D Clip1171.npy,4
S4V4C2M4D Clip1175.npy,4
S4V4C2M4D Clip1173.npy,4
S4V2C3M2D Clip1049.npy,4
S4V1C3M1D Clip956.npy,4
S4V2C3M2D Clip1047.npy,4
S4V3C2M3D Clip1093.npy,4
S4V2C2M2D Clip1010.npy,4
S4V4C3M4D Clip1200.npy,4
S4V3C2M3D Clip1091.npy,4
S4V2C1M2D Clip977.npy,4
S4V1C1M1D Clip913.npy,4
S4V2C3M2D Clip1041.npy,4
S4V1C1M1D Clip904.npy,4
S4V1C2M1D Clip946.npy,4
S4V3C2M3D Clip1082.npy,4
S4V3C3M3D Clip1110.npy,4
S4V3C2M3D Clip1096.npy,4
S4V2C2M2D Clip1002.npy,4
S4V3C3M3D Clip1124.npy,4
S4V4C2M4D Clip1164.npy,4
S4V2C2M2D Clip1007.npy,4
S4V1C3M1D Clip967.npy,4
S4V3C3M3D Clip1125.npy,4
S4V4C1M4D Clip1136.npy,4
S4V1C1M1D Clip907.npy,4
S4V4C1M4D Clip1143.npy,4
S4V2C2M2D Clip1019.npy,4
S4V2C2M2D Clip1004.npy,4
S4V4C1M4D Clip1145.npy,4
S4V1C3M1D Clip953.npy,4
S4V2C2M2D Clip1018.npy,4
S4V2C1M2D Clip988.npy,4
S4V2C1M2D Clip990.npy,4
S4V4C2M4D Clip1162.npy,4
S4V3C3M3D Clip1120.npy,4
S4V4C1M4D Clip1146.npy,4
S4V4C3M4D Clip1193.npy,4
S4V3C1M3D Clip1060.npy,4
S4V3C2M3D Clip1078.npy,4
S4V2C1M2D Clip989.npy,4
S4V3C2M3D Clip1088.npy,4
S4V2C1M2D Clip997.npy,4
S4V4C3M4D Clip1199.npy,4
S4V2C3M2D Clip1034.npy,4
S4V3C2M3D Clip1087.npy,4
S4V1C2M1D Clip949.npy,4
S4V3C1M3D Clip1074.npy,4
S4V4C3M4D Clip1181.npy,4
S4V3C1M3D Clip1056.npy,4
S4V2C3M2D Clip1038.npy,4
S4V1C2M1D Clip927.npy,4
S4V2C3M2D Clip1040.npy,4
S4V1C2M1D Clip942.npy,4
S4V2C3M2D Clip1035.npy,4
S4V4C2M4D Clip1152.npy,4
S4V3C1M3D Clip1059.npy,4
S4V2C2M2D Clip1024.npy,4
S4V4C1M4D Clip1147.npy,4
S4V4C2M4D Clip1168.npy,4
S4V3C1M3D Clip1065.npy,4
S4V1C3M1D Clip960.npy,4
S4V3C2M3D Clip1090.npy,4
S4V2C1M2D Clip991.npy,4
S4V2C1M2D Clip983.npy,4
S4V3C2M3D Clip1099.npy,4
S4V4C3M4D Clip1190.npy,4
S4V2C3M2D Clip1030.npy,4
S4V4C3M4D Clip1177.npy,4
S4V4C2M4D Clip1172.npy,4
S4V4C2M4D Clip1167.npy,4
S4V4C3M4D Clip1194.npy,4
S4V2C2M2D Clip1023.npy,4
S4V2C1M2D Clip987.npy,4
S4V1C3M1D Clip963.npy,4
S4V3C3M3D Clip1121.npy,4
S4V3C3M3D Clip1112.npy,4
S4V3C3M3D Clip1111.npy,4
S4V3C3M3D Clip1101.npy,4
S4V4C1M4D Clip1128.npy,4
S4V2C2M2D Clip1005.npy,4
S4V3C1M3D Clip1067.npy,4
S4V2C2M2D Clip1021.npy,4
S4V1C1M1D Clip901.npy,4
S4V3C1M3D Clip1071.npy,4
S4V4C3M4D Clip1189.npy,4
S4V3C2M3D Clip1081.npy,4
S4V2C3M2D Clip1046.npy,4
S4V4C1M4D Clip1135.npy,4
S4V2C1M2D Clip998.npy,4
S4V2C3M2D Clip1031.npy,4
S4V3C3M3D Clip1105.npy,4
S4V1C1M1D Clip911.npy,4
S4V1C1M1D Clip912.npy,4
S4V1C3M1D Clip969.npy,4
S4V2C2M2D Clip1009.npy,4
S4V1C2M1D Clip937.npy,4
S4V1C2M1D Clip943.npy,4
S4V2C2M2D Clip1022.npy,4
S4V3C1M3D Clip1062.npy,4
S4V1C1M1D Clip903.npy,4
S4V3C2M3D Clip1083.npy,4
S4V4C3M4D Clip1197.npy,4
S4V3C1M3D Clip1072.npy,4
S4V4C1M4D Clip1129.npy,4
S4V1C2M1D Clip945.npy,4
S4V4C1M4D Clip1130.npy,4
S4V2C1M2D Clip981.npy,4
S4V4C1M4D Clip1138.npy,4
S4V3C2M3D Clip1084.npy,4
S4V4C2M4D Clip1157.npy,4
S4V3C1M3D Clip1055.npy,4
S4V1C1M1D Clip923.npy,4
S4V2C3M2D Clip1027.npy,4
S4V1C2M1D Clip933.npy,4
S4V2C2M2D Clip1006.npy,4
S4V4C2M4D Clip1165.npy,4
S4V3C3M3D Clip1115.npy,4
S4V1C3M1D Clip957.npy,4
S4V2C1M2D Clip996.npy,4
S4V4C3M4D Clip1196.npy,4
S4V2C3M2D Clip1044.npy,4
S4V4C1M4D Clip1132.npy,4
S4V3C2M3D Clip1097.npy,4
S4V4C2M4D Clip1166.npy,4
S4V2C3M2D Clip1039.npy,4
S4V3C1M3D Clip1052.npy,4
S4V3C1M3D Clip1063.npy,4
S4V1C3M1D Clip973.npy,4
S4V1C3M1D Clip964.npy,4
S4V2C1M2D Clip995.npy,4
S4V4C2M4D Clip1159.npy,4
S4V4C2M4D Clip1161.npy,4
S4V4C1M4D Clip1127.npy,4
S4V3C1M3D Clip1069.npy,4
S4V1C2M1D Clip932.npy,4
S4V2C3M2D Clip1045.npy,4
S4V2C2M2D Clip1020.npy,4
S5V1C2M1D Clip1250.npy,5
S5V4C2M4D Clip1451.npy,5
S5V1C1M1D Clip1201.npy,5
S5V2C3M2D Clip1349.npy,5
S5V4C3M4D Clip1476.npy,5
S5V4C2M4D Clip1452.npy,5
S5V1C3M1D Clip1274.npy,5
S5V2C1M2D Clip1288.npy,5
S5V2C3M2D Clip1348.npy,5
S5V3C1M3D Clip1374.npy,5
S5V1C2M1D Clip1237.npy,5
S5V4C2M4D Clip1459.npy,5
S5V4C3M4D Clip1494.npy,5
S5V1C1M1D Clip1219.npy,5
S5V1C2M1D Clip1228.npy,5
S5V4C1M4D Clip1441.npy,5
S5V1C2M1D Clip1229.npy,5
S5V4C2M4D Clip1468.npy,5
S5V2C2M2D Clip1312.npy,5
S5V1C1M1D Clip1214.npy,5
S5V2C3M2D Clip1329.npy,5
S5V3C2M3D Clip1393.npy,5
S5V1C2M1D Clip1245.npy,5
S5V3C1M3D Clip1353.npy,5
S5V2C2M2D Clip1316.npy,5
S5V3C3M3D Clip1404.npy,5
S5V3C1M3D Clip1371.npy,5
S5V2C1M2D Clip1281.npy,5
S5V3C3M3D Clip1423.npy,5
S5V4C3M4D Clip1483.npy,5
S5V4C3M4D Clip1486.npy,5
S5V3C1M3D Clip1361.npy,5
S5V3C2M3D Clip1400.npy,5
S5V4C1M4D Clip1430.npy,5
S5V1C2M1D Clip1243.npy,5
S5V4C2M4D Clip1465.npy,5
S5V3C3M3D Clip1418.npy,5
S5V1C1M1D Clip1218.npy,5
S5V3C3M3D Clip1414.npy,5
S5V4C1M4D Clip1429.npy,5
S5V3C2M3D Clip1379.npy,5
S5V2C2M2D Clip1303.npy,5
S5V4C2M4D Clip1453.npy,5
S5V1C1M1D Clip1205.npy,5
S5V3C3M3D Clip1425.npy,5
S5V4C2M4D Clip1475.npy,5
S5V3C2M3D Clip1389.npy,5
S5V2C1M2D Clip1276.npy,5
S5V3C2M3D Clip1382.npy,5
S5V2C3M2D Clip1341.npy,5
S5V3C1M3D Clip1354.npy,5
S5V4C3M4D Clip1493.npy,5
S5V2C2M2D Clip1301.npy,5
S5V4C3M4D Clip1479.npy,5
S5V2C1M2D Clip1291.npy,5
S5V3C3M3D Clip1421.npy,5
S5V1C2M1D Clip1227.npy,5
S5V3C3M3D Clip1412.npy,5
S5V1C1M1D Clip1223.npy,5
S5V3C3M3D Clip1402.npy,5
S5V3C2M3D Clip1396.npy,5
S5V2C2M2D Clip1315.npy,5
S5V3C2M3D Clip1394.npy,5
S5V2C1M2D Clip1278.npy,5
S5V2C1M2D Clip1300.npy,5
S5V3C1M3D Clip1363.npy,5
S5V3C2M3D Clip1395.npy,5
S5V1C3M1D Clip1263.npy,5
S5V4C1M4D Clip1450.npy,5
S5V4C2M4D Clip1455.npy,5
S5V2C1M2D Clip1297.npy,5
S5V1C1M1D Clip1202.npy,5
S5V3C2M3D Clip1397.npy,5
S5V3C1M3D Clip1367.npy,5
S5V2C3M2D Clip1350.npy,5
S5V3C2M3D Clip1392.npy,5
S5V4C2M4D Clip1463.npy,5
S5V2C2M2D Clip1325.npy,5
S5V1C3M1D Clip1253.npy,5
S5V4C1M4D Clip1445.npy,5
S5V3C2M3D Clip1381.npy,5
S5V1C3M1D Clip1264.npy,5
S5V3C2M3D Clip1387.npy,5
S5V2C3M2D Clip1330.npy,5
S5V2C2M2D Clip1318.npy,5
S5V4C3M4D Clip1496.npy,5
S5V4C1M4D Clip1432.npy,5
S5V4C1M4D Clip1439.npy,5
S5V1C3M1D Clip1262.npy,5
S5V4C3M4D Clip1489.npy,5
S5V2C3M2D Clip1334.npy,5
S5V4C1M4D Clip1435.npy,5
S5V4C1M4D Clip1442.npy,5
S5V3C3M3D Clip1413.npy,5
S5V4C3M4D Clip1491.npy,5
S5V2C2M2D Clip1313.npy,5
S5V3C3M3D Clip1401.npy,5
S5V1C2M1D Clip1240.npy,5
S5V3C1M3D Clip1364.npy,5
S5V1C3M1D Clip1275.npy,5
S5V4C1M4D Clip1449.npy,5
S5V3C3M3D Clip1420.npy,5
S5V1C3M1D Clip1258.npy,5
S5V4C1M4D Clip1448.npy,5
S5V2C1M2D Clip1279.npy,5
S5V2C2M2D Clip1306.npy,5
S5V2C2M2D Clip1324.npy,5
S5V1C2M1D Clip1226.npy,5
S5V2C3M2D Clip1336.npy,5
S5V4C1M4D Clip1428.npy,5
S5V3C2M3D Clip1386.npy,5
S5V4C3M4D Clip1477.npy,5
S5V1C3M1D Clip1267.npy,5
S5V4C3M4D Clip1498.npy,5
S5V1C3M1D Clip1251.npy,5
S5V1C1M1D Clip1225.npy,5
S5V2C2M2D Clip1322.npy,5
S5V1C1M1D Clip1206.npy,5
S5V2C1M2D Clip1277.npy,5
S5V1C1M1D Clip1208.npy,5
S5V3C2M3D Clip1376.npy,5
S5V3C2M3D Clip1391.npy,5
S5V3C1M3D Clip1352.npy,5
S5V1C1M1D Clip1209.npy,5
S5V4C2M4D Clip1454.npy,5
S5V1C2M1D Clip1230.npy,5
S5V2C3M2D Clip1326.npy,5
S5V3C1M3D Clip1356.npy,5
S5V2C3M2D Clip1343.npy,5
S5V1C3M1D Clip1266.npy,5
S5V4C2M4D Clip1473.npy,5
S5V1C1M1D Clip1207.npy,5
S5V1C3M1D Clip1269.npy,5
S5V3C3M3D Clip1403.npy,5
S5V1C2M1D Clip1246.npy,5
S5V1C2M1D Clip1239.npy,5
S5V4C3M4D Clip1484.npy,5
S5V2C1M2D Clip1282.npy,5
S5V2C2M2D Clip1314.npy,5
S5V4C1M4D Clip1431.npy,5
S5V2C3M2D Clip1327.npy,5
S5V3C1M3D Clip1365.npy,5
S5V4C3M4D Clip1488.npy,5
S5V2C3M2D Clip1335.npy,5
S5V1C1M1D Clip1221.npy,5
S5V3C3M3D Clip1424.npy,5
S5V2C2M2D Clip1308.npy,5
S5V1C2M1D Clip1235.npy,5
S5V2C2M2D Clip1304.npy,5
S5V4C3M4D Clip1481.npy,5
S5V2C1M2D Clip1298.npy,5
S5V2C1M2D Clip1286.npy,5
S5V3C2M3D Clip1383.npy,5
S5V2C1M2D Clip1295.npy,5
S5V3C3M3D Clip1411.npy,5
S5V4C2M4D Clip1471.npy,5
S5V2C2M2D Clip1302.npy,5
S5V2C1M2D Clip1293.npy,5
S5V2C3M2D Clip1328.npy,5
S5V2C3M2D Clip1347.npy,5
S5V3C1M3D Clip1360.npy,5
S5V3C3M3D Clip1406.npy,5
S5V4C2M4D Clip1460.npy,5
S5V1C3M1D Clip1272.npy,5
S5V4C2M4D Clip1472.npy,5
S5V3C3M3D Clip1417.npy,5
S5V3C3M3D Clip1409.npy,5
S5V4C3M4D Clip1495.npy,5
S5V3C2M3D Clip1388.npy,5
S5V1C1M1D Clip1213.npy,5
S5V1C3M1D Clip1256.npy,5
S5V4C3M4D Clip1487.npy,5
S5V3C2M3D Clip1384.npy,5
S5V3C1M3D Clip1369.npy,5
S5V2C1M2D Clip1294.npy,5
S5V3C1M3D Clip1375.npy,5
S5V2C2M2D Clip1307.npy,5
S5V3C1M3D Clip1370.npy,5
S5V1C2M1D Clip1236.npy,5
S5V1C2M1D Clip1234.npy,5
S5V3C1M3D Clip1362.npy,5
S5V3C1M3D Clip1366.npy,5
S5V4C3M4D Clip1482.npy,5
S5V1C1M1D Clip1203.npy,5
S5V4C2M4D Clip1470.npy,5
S5V2C3M2D Clip1340.npy,5
S5V1C1M1D Clip1204.npy,5
S5V1C3M1D Clip1270.npy,5
S5V3C3M3D Clip1422.npy,5
S5V1C1M1D Clip1220.npy,5
S5V4C3M4D Clip1499.npy,5
S5V4C1M4D Clip1427.npy,5
S5V1C1M1D Clip1211.npy,5
S5V2C3M2D Clip1337.npy,5
S5V2C3M2D Clip1345.npy,5
S5V3C1M3D Clip1368.npy,5
S5V2C2M2D Clip1305.npy,5
S5V4C3M4D Clip1500.npy,5
S5V4C1M4D Clip1434.npy,5
S5V1C3M1D Clip1252.npy,5
S5V2C3M2D Clip1332.npy,5
S5V1C1M1D Clip1215.npy,5
S5V3C1M3D Clip1355.npy,5
S5V1C3M1D Clip1259.npy,5
S5V3C1M3D Clip1351.npy,5
S5V3C3M3D Clip1410.npy,5
S5V3C3M3D Clip1416.npy,5
S5V1C1M1D Clip1210.npy,5
S5V1C2M1D Clip1242.npy,5
S5V2C1M2D Clip1299.npy,5
S5V4C3M4D Clip1492.npy,5
S5V2C2M2D Clip1323.npy,5
S5V4C1M4D Clip1443.npy,5
S5V2C1M2D Clip1296.npy,5
S5V3C3M3D Clip1405.npy,5
S5V4C3M4D Clip1480.npy,5
S5V3C3M3D Clip1419.npy,5
S5V1C2M1D Clip1232.npy,5
S5V2C2M2D Clip1309.npy,5
S5V2C3M2D Clip1338.npy,5
S5V3C2M3D Clip1398.npy,5
S5V2C1M2D Clip1290.npy,5
S5V2C2M2D Clip1310.npy,5
S5V3C3M3D Clip1408.npy,5
S5V2C3M2D Clip1346.npy,5
S5V4C1M4D Clip1437.npy,5
S5V2C1M2D Clip1285.npy,5
S5V4C1M4D Clip1446.npy,5
S5V2C1M2D Clip1292.npy,5
S5V1C3M1D Clip1268.npy,5
S5V2C1M2D Clip1283.npy,5
S5V4C2M4D Clip1469.npy,5
S5V1C2M1D Clip1244.npy,5
S5V1C2M1D Clip1248.npy,5
S5V2C2M2D Clip1317.npy,5
S5V4C2M4D Clip1456.npy,5
S5V4C1M4D Clip1436.npy,5
S5V1C1M1D Clip1212.npy,5
S5V2C2M2D Clip1311.npy,5
S5V2C3M2D Clip1331.npy,5
S5V3C3M3D Clip1407.npy,5
S5V2C1M2D Clip1289.npy,5
S5V3C1M3D Clip1372.npy,5
S5V3C2M3D Clip1380.npy,5
S5V1C2M1D Clip1231.npy,5
S5V2C2M2D Clip1319.npy,5
S5V3C1M3D Clip1357.npy,5
S5V1C1M1D Clip1216.npy,5
S5V1C3M1D Clip1260.npy,5
S5V4C2M4D Clip1474.npy,5
S5V2C3M2D Clip1344.npy,5
S5V4C2M4D Clip1466.npy,5
S5V2C1M2D Clip1280.npy,5
S5V4C2M4D Clip1467.npy,5
S5V3C3M3D Clip1415.npy,5
S5V2C1M2D Clip1284.npy,5
S5V3C2M3D Clip1390.npy,5
S5V2C3M2D Clip1342.npy,5
S5V2C2M2D Clip1320.npy,5
S5V3C1M3D Clip1359.npy,5
S5V1C2M1D Clip1249.npy,5
S5V4C1M4D Clip1438.npy,5
S5V3C2M3D Clip1385.npy,5
S5V4C3M4D Clip1497.npy,5
S5V1C3M1D Clip1271.npy,5
S5V1C1M1D Clip1217.npy,5
S5V1C2M1D Clip1238.npy,5
S5V4C2M4D Clip1457.npy,5
S5V4C3M4D Clip1478.npy,5
S5V4C1M4D Clip1426.npy,5
S5V4C3M4D Clip1485.npy,5
S5V4C2M4D Clip1464.npy,5
S5V1C3M1D Clip1255.npy,5
S5V2C1M2D Clip1287.npy,5
S5V1C3M1D Clip1257.npy,5
S5V1C3M1D Clip1265.npy,5
S5V1C3M1D Clip1254.npy,5
S5V1C1M1D Clip1222.npy,5
S5V3C1M3D Clip1373.npy,5
S5V3C2M3D Clip1378.npy,5
S5V3C1M3D Clip1358.npy,5
S5V1C1M1D Clip1224.npy,5
S5V1C2M1D Clip1233.npy,5
S5V4C1M4D Clip1444.npy,5
S5V2C2M2D Clip1321.npy,5
S5V4C3M4D Clip1490.npy,5
S5V4C2M4D Clip1458.npy,5
S5V4C1M4D Clip1433.npy,5
S5V4C1M4D Clip1447.npy,5
S5V1C3M1D Clip1273.npy,5
S5V2C3M2D Clip1333.npy,5
S5V4C1M4D Clip1440.npy,5
S5V2C3M2D Clip1339.npy,5
S5V3C2M3D Clip1399.npy,5
S5V1C2M1D Clip1241.npy,5
S5V4C2M4D Clip1461.npy,5
S5V1C3M1D Clip1261.npy,5
S5V3C2M3D Clip1377.npy,5
S5V1C2M1D Clip1247.npy,5
S5V4C2M4D Clip1462.npy,5
